2brothersbrewery,2 Brothers Brewery,South,VIC
33degrees,33 Degrees,NSW,NSW
3weeds,3 Weeds,NSW,NSW
4pinesbrewingcompany,4 Pines Brewing Company,NSW,NSW
4pinesbrewinghq,4 Pines Brewing HQ,NSW,NSW
54benjamin,54 Benjamin,ACT,ACT
akashabrewingcompany,Akasha Brewing Company,NSW,NSW
albertparkhotel,Albert Park Hotel,South,VIC
allinnbrewingco,All Inn Brewing Co.,QLD,QLD
amber,Amber,VIC,VIC
ampikaskitchen,Ampika's Kitchen,SA,SA
annandalehotel,Annandale Hotel,NSW,NSW
antiquebar,Antique Bar,South,VIC
aperitivo,Aperitivo,NSW,NSW
ascotvalecellars,Ascot Vale Cellars,West,VIC
athleticclubbrewery,Athletic Club Brewery,VIC,VIC
atriumbarbankstownsports,Atrium Bar @ Bankstown Sports,NSW,NSW
atticusfinch,Atticus Finch,North,VIC
australianhotelandbrewery,Australian Hotel And Brewery,NSW,NSW
avenuescafe,Avenues Cafe,SA,SA
avocahotel,Avoca Hotel,Regional VIC,VIC
babymammoth,Baby Mammoth,WA,WA
bacchusbrewingco,Bacchus Brewing Co.,QLD,QLD
badshepherdbrewingco,Bad Shepherd Brewing Co.,South,VIC
balmoralhotel,Balmoral Hotel,WA,WA
barcadiakitchenbar,Barcadia Kitchen & Bar,QLD,QLD
bargarabrewingcompanysbrewhouse,Bargara Brewing Company's Brewhouse,QLD,QLD
barluca,Bar Luca,NSW,NSW
barrochford,Bar Rochford,ACT,ACT
beercartelbottleshop,Beer Cartel Bottleshop,NSW,NSW
beerdeluxe,Beer DeLuxe,CBD,VIC
beerdeluxealbury,Beer Deluxe Albury,NSW,NSW
beerdeluxehawthorn,Beer Deluxe Hawthorn,East,VIC
beerdeluxesydney,Beer Deluxe Sydney,NSW,NSW
beermash,Beermash,Inner North,VIC
beermashcellars,Beermash Cellars,VIC,VIC
belgianbeercafe,Belgian Beer Cafe,WA,WA
belgianbeercafemelbourne,Belgian Beer Cafe Melbourne,CBD,VIC
belvederehotel,Belvedere Hotel,NSW,NSW
benjaminonfranklin,Benjamin on Franklin,SA,SA
bentspokebrewingco,Bentspoke Brewing Co.,ACT,ACT
bigshedbrewinghq,Big Shed Brewing HQ,SA,SA
billsbarandbites,Bill's Bar and Bites,WA,WA
bimbodeluxe,Bimbo Deluxe,Inner North,VIC
binebardining,Bine Bar & Dining,QLD,QLD
bitterphew,Bitter Phew,NSW,NSW
bittersuite,Bitter Suite,QLD,QLD
blackbunnykitchen,Black Bunny Kitchen,QLD,QLD
blackhopsbrewery,Black Hops Brewery,QLD,QLD
blackwatertradingco,Blackwater Trading Co,QLD,QLD
bloodhoundcornerbar,Bloodhound Corner Bar,QLD,QLD
bluegumhotel,Blue Gum Hotel,NSW,NSW
boatrockerbarrelroom,Boatrocker Barrel Room,South,VIC
boatshedbarandgalley,Boat Shed Bar and Galley,NSW,NSW
bobbiepeels,Bobbie Peels,Inner North,VIC
bobsbar,Bob's Bar,WA,WA
boilermakerhouse,Boilermaker House,CBD,VIC
bondibeachcellars,Bondi Beach Cellars,NSW,NSW
bonnieandclydes,Bonnie And Clyde's,VIC,VIC
bosc,Bosc,QLD,QLD
botanyviewhotel,Botany View Hotel,NSW,NSW
brandonhotel,Brandon Hotel,Inner North,VIC
brew,Brew,QLD,QLD
brewhousebrisbane,Brewhouse Brisbane,QLD,QLD
brewski,Brewski,QLD,QLD
brisbanebrewingco,Brisbane Brewing Co,QLD,QLD
brotherburgerandthemarvellousbrew,Brother Burger and The Marvellous Brew,Inner North,VIC
brotherburgerandthemarvellousbrewsouthyarra,Brother Burger and the Marvellous Brew South Yarra,South,VIC
buckleys,Buckley's,NSW,NSW
budburstsmallbar,Budburst Small Bar,WA,WA
cambrianhotel,Cambrian Hotel,Regional VIC,VIC
cammeraycraft,Cammeray Craft,NSW,NSW
cantonloungebar,Canton Lounge Bar,WA,WA
cargo,Cargo,CBD,VIC
carlislecastlehotel,Carlisle Castle Hotel,NSW,NSW
carringtonbowlingclub,Carrington Bowling Club,NSW,NSW
carterspublichouse,Carters Public House,VIC,VIC
carwyncellars,Carwyn Cellars,North,VIC
cellarbrationscarlisle,Cellarbrations Carlisle,WA,WA
cellarbrationssuperstorehamiltonhill,Cellarbrations Superstore Hamilton Hill,WA,WA
chard,Char'd,QLD,QLD
charingcrosshotel,Charing Cross Hotel,NSW,NSW
charleswestonhotel,Charles Weston Hotel,North,VIC
cheekypeakbrewery,Cheeky Peak Brewery,Regional VIC,VIC
clancysfishpub,Clancy's Fish Pub Dunsborough,WA,WA
clancysfishpubcanningbridge,Clancy's Fish Pub Canning Bridge,WA,WA
clancysfishpubfremantle,Clancy's Fish Pub Fremantle,WA,WA
clarendonhotel,Clarendon Hotel,NSW,NSW
cliftonhillbrewpub,Clifton Hill Brewpub,North,VIC
colonialbrewingcomargaretriver,Colonial Brewing Co - Margaret River,WA,WA
colonialbrewingcoportmelbourne,Colonial Brewing Co - Port Melbourne,VIC,VIC
colonisttavern,Colonist Tavern,SA,SA
commonwealthhotel,Commonwealth Hotel,NSW,NSW
cookie,Cookie,CBD,VIC
coopersalehousegeppscross,Coopers Alehouse Gepps Cross,SA,SA
coopershotel,Cooper's Hotel,NSW,NSW
corkbottle,Cork & Bottle,WA,WA
cornisharms,Cornish Arms,North,VIC
crafersinnhotel,Crafers Inn Hotel,SA,SA
cuttycellars,Cutty Cellars,NSW,NSW
daintonbrewery,Dainton Brewery,VIC,VIC
danoconnellhotel,Dan O'Connell Hotel,North,VIC
deathvalley,Death Valley,QLD,QLD
diceyrileyshotel,Dicey Riley's Hotel,NSW,NSW
dorisandberylsbridgeclubteahouse,Doris and Beryl's Bridge Club & Tea House,NSW,NSW
doveolivehotel,Dove & Olive Hotel,NSW,NSW
drmorse,Dr. Morse,Inner North,VIC
duckinn,Duck Inn,SA,SA
ducksnutsbargrill,Ducks Nuts Bar & Grill,ACT,ACT
dutchcourageofficersmess,Dutch Courage Officers' Mess,QLD,QLD
eaglebaybrewingco,Eagle Bay Brewing Co.,WA,WA
eastofeverything,East of Everything,East,VIC
eatinghouse,Eating House,South,VIC
edinburghcastlehotel,Edinburgh Castle Hotel,North,VIC
efiftyfive,Efiftyfive,CBD,VIC
electrahouse,Electra House,SA,SA
elementbar,Element Bar,NSW,NSW
elixiba,Elixiba,QLD,QLD
eltonseatingdrinking,Eltons Eating + Drinking,NSW,NSW
embassyhotel,Embassy Hotel,QLD,QLD
empirehotel,Empire Hotel,NSW,NSW
erskinevillehotel,Erskineville Hotel,NSW,NSW
eydies,Eydie's,North,VIC
fancyhanksbbqjoint,Fancy Hank's BBQ Joint,CBD,VIC
farrier,Farrier,QLD,QLD
farsidebeers,Far Side Beers,VIC,VIC
firestationhotel,Fire Station Hotel,NSW,NSW
fitzpotts,Fitz + Potts,QLD,QLD
fivebar,Five Bar,WA,WA
fivebarrelbrewery,Five Barrel Brewery,NSW,NSW
flatrockbrewcafe,Flat Rock Brew Cafe,NSW,NSW
fluxrestaurantlounge,Flux Restaurant Lounge,QLD,QLD
foghornbrewhouse,FogHorn Brewhouse,NSW,NSW
foghornbrewhousecentralcoast,FogHorn Brewhouse Central Coast,NSW,NSW
forestershall,Foresters Hall,Inner North,VIC
forestlodgehotel,Forest Lodge Hotel,NSW,NSW
foxinthecorn,Fox in the Corn,West,VIC
franklinhotel,Franklin Hotel,SA,SA
freddiewimpoles,Freddie Wimpoles,South,VIC
gaslightbistro,Gaslight Bistro,QLD,QLD
generalhavelockhotel,General Havelock Hotel,SA,SA
gilbertstreethotel,Gilbert Street Hotel,SA,SA
gilroyshotel,Gilroy's Hotel,NSW,NSW
goldenvinehotel,Golden Vine Hotel,VIC,VIC
goldmineshotel,Goldmines Hotel,Regional VIC,VIC
grandridgebrewery,Grand Ridge Brewery,Regional VIC,VIC
grapeandgrain,Grape And Grain,South,VIC
greasemonkey,Grease Monkey,ACT,ACT
greatnorthernhotel,Great Northern Hotel,North,VIC
greatoceanroadbrewhouse,Great Ocean Road Brewhouse,VIC,VIC
greenbeaconbrewingco,Green Beacon Brewing Co,QLD,QLD
greenslopescellars,Greenslopes Cellars,QLD,QLD
grosvenorhotel,Grosvenor Hotel,South,VIC
gryphonscaffebar,Gryphons Caffe Bar,ACT,ACT
hainsco,Hains & Co,SA,SA
hargreaveshillbrewingcompany,Hargreaves Hill Brewing Company,Regional VIC,VIC
harlequininn,Harlequin Inn,NSW,NSW
haroldparkhotel,Harold Park Hotel,NSW,NSW
harrysbar,Harry's Bar,SA,SA
hartspub,Harts Pub,NSW,NSW
hatstatts,Hats & Tatts,South,VIC
hawthornesupercellarsbottleshop,Hawthorne Super Cellars Bottle Shop,QLD,QLD
holgatebrewhouseatkeatingshotel,Holgate Brewhouse at Keatings Hotel,Regional VIC,VIC
homesteadbrewery,Homestead Brewery,WA,WA
honeyrider,Honey Rider,NSW,NSW
honkytonks,Honkytonks,ACT,ACT
hoohabar,Hoo Ha Bar,QLD,QLD
hopandvinehendra,Hop and Vine Hendra,QLD,QLD
hopdogbeerworks,HopDog BeerWorks,NSW,NSW
hopeestate,Hope Estate,NSW,NSW
hopheads,Hopheads,West,VIC
hopsfire,Hops & Fire,NSW,NSW
hopsscotchandbeans,Hops Scotch and Beans,QLD,QLD
hopster,Hopster,QLD,QLD
hopstohome,Hops to Home,Farmville,VIC
hoptemple,Hop Temple,Regional VIC,VIC
hoteljesmond,Hotel Jesmond,NSW,NSW
hotellincoln,Hotel Lincoln,Inner North,VIC
hotelmetropolitan,Hotel Metropolitan,CBD,VIC
hotelspencer,Hotel Spencer,CBD,VIC
hotelsteyne,Hotel Steyne,NSW,NSW
hotelwrightst,Hotel Wright St.,SA,SA
humpybongespresso,Humpybong Espresso,QLD,QLD
hunterbarrel,Hunter & Barrel,NSW,NSW
hunterbeerco,Hunter Beer Co.,NSW,NSW
hunterriverhotel,Hunter River Hotel,NSW,NSW
hutchmicrobar,Hutch Micro Bar,ACT,ACT
hydestreethotel,Hyde Street Hotel,West,VIC
illawarrabrewingcompany,Illawarra Brewing Company,NSW,NSW
imperialhotel,Imperial Hotel,NSW,NSW
internationalbeershop,International Beer Shop,WA,WA
jackgreene,Jack Greene,TAS,TAS
jackruby,Jack Ruby,SA,SA
jewellstavern,Jewells Tavern,NSW,NSW
joetaylor,Joe Taylor,Inner North,VIC
joinersarms,Joiners Arms,SA,SA
junctionbeerhallwinebar,Junction Beer Hall & Wine Bar,West,VIC
kajokukoreanjapanesecuisine,Kajoku - Korean & Japanese Cuisine,QLD,QLD
kegandbrew,Keg & Brew,NSW,NSW
kellysmotorclubhotel,Kelly's Motor Club Hotel,South,VIC
kincumberhotel,Kincumber Hotel,NSW,NSW
kingscrosshotel,Kings Cross Hotel,NSW,NSW
kingstonpublicbarandkitchen,Kingston Public Bar and Kitchen,NSW,NSW
kingstreetbrewhouse,King Street Brewhouse,NSW,NSW
kirribillihotel,Kirribilli Hotel,NSW,NSW
ladro,Ladro,South,VIC
lallarookh,Lalla Rookh,WA,WA
lamaros,Lamaro's,South,VIC
lesterearl,Lester & Earl,QLD,QLD
leuracellars,Leura Cellars,NSW,NSW
littlebangbrewing,Little Bang Brewing,SA,SA
littledropofpoison,Little drop of poison,VIC,VIC
littlehop,Little Hop,Inner North,VIC
locoskitchenbar,Loco's Kitchen & Bar,QLD,QLD
lordnelsonbreweryhotel,Lord Nelson Brewery Hotel,NSW,NSW
lordraglanhotel,Lord Raglan Hotel,NSW,NSW
lot347,Lot 347,Inner North,VIC
maltdining,Malt Dining,QLD,QLD
malttraderscity,Malt Traders City,QLD,QLD
malttradersemporium,Malt Traders Emporium,QLD,QLD
maltygrain,Malty Grain,QLD,QLD
maneliquor,Mane Liquor,WA,WA
markov,Markov,Inner North,VIC
meatmaiden,Meatmaiden,CBD,VIC
mickosheas,Mick O'Shea's,SA,SA
mileendhotel,Mile End Hotel,SA,SA
misspeaches,Miss Peaches,NSW,NSW
mitchellharriswines,Mitchell Harris Wines,Regional VIC,VIC
moondogbrewery,Moon Dog Brewery,East,VIC
mortestatehotel,Mort Estate Hotel,QLD,QLD
mrbeebes,Mr. Beebe's,Regional VIC,VIC
mrpaulsbeerwine,Mr Paul's Beer & Wine,Regional VIC,VIC
mrsparmas,Mrs Parma's,CBD,VIC
mrsparmasprahran,Mrs Parma's - Prahran,South,VIC
mtmacedonhotel,Mt Macedon Hotel,Regional VIC,VIC
murraystreetlodgehotelperth,Murray Street Lodge Hotel Perth,WA,WA
nelsonhotel,Nelson Hotel,NSW,NSW
newsteadbrewingco,Newstead Brewing Co.,QLD,QLD
newtowngrowlerdepot,Newtown Growler Depot,NSW,NSW
nieuwamsterdam,Nieuw Amsterdam,CBD,VIC
nolaadelaide,NOLA Adelaide,SA,SA
northcotesocialclub,Northcote Social Club,North,VIC
northerngit,Northern Git,North,VIC
northsydneyleaguesclub,North Sydney Leagues Club,NSW,NSW
northumberlandhotel,Northumberland Hotel,NSW,NSW
nottonight,Not Tonight,QLD,QLD
obsessions,Obsessions on Chevron,QLD,QLD
ocrabsydney,O Crab Sydney,NSW,NSW
odysseytavern,Odyssey Tavern,Regional VIC,VIC
oldbankrestaurantbar,Old Bank Restaurant & Bar,NSW,NSW
oldcanberrainn,Old Canberra Inn,ACT,ACT
oldgrowler,Old Growler,NSW,NSW
oostendebelgianbeercafe,Oostende Belgian Beer Cafe,SA,SA
oscarsalehouse,Oscar's Alehouse,East,VIC
pahotel,PA Hotel,QLD,QLD
parkhotel,Park Hotel,West,VIC
parryplacecellars,Parry Place Cellars,WA,WA
pelicanslanding,Pelicans Landing,West,VIC
pennyblue,Penny Blue,VIC,VIC
petershambowlingclub,Petersham Bowling Club,NSW,NSW
petitionbeercorner,Petition Beer Corner,WA,WA
pigandwhistletavern,Pig And Whistle Tavern,VIC,VIC
pintsizedcraftbar,Pint Sized Craft Bar,QLD,QLD
piratebar,Pirate Bar,WA,WA
ploughman,Ploughman,QLD,QLD
pontoonbar,Pontoon Bar,NSW,NSW
popejoan,Pope Joan,North,VIC
porkd,Pork'd,NSW,NSW
portersliquorbalgowlah,Porters Liquor Balgowlah,NSW,NSW
princeofwaleshotel,Prince of Wales Hotel,NSW,NSW
princeofwaleshotelbottleshop,Prince of Wales Hotel Bottle Shop,NSW,NSW
prosciuttobroscraftbar,Prosciutto Bros Craft Bar,East,VIC
pumphousesydney,Pumphouse Sydney,NSW,NSW
pumpyardbarbrewery,Pumpyard Bar & Brewery,QLD,QLD
pyrmontbridgehotel,Pyrmont Bridge Hotel,NSW,NSW
pyrmontpointhotel,Pyrmont Point Hotel,NSW,NSW
quarrymanshotel,Quarrymans Hotel,NSW,NSW
raffleshotel,Raffles Hotel,WA,WA
ragandfamishhotel,Rag and Famish Hotel,NSW,NSW
railwayhotelbrunswick,Railway Hotel Brunswick,North,VIC
rainbowhotel,Rainbow Hotel,Inner North,VIC
redhillbrewery,Red Hill Brewery,VIC,VIC
reefseafoodsushi,Reef Seafood + Sushi,QLD,QLD
refugesmallbar,Refuge Small Bar,WA,WA
republic,Republic,SA,SA
riverfeast,Riverfeast,QLD,QLD
riversidebrewingcompany,Riverside Brewing Company,NSW,NSW
robertburnshotel,Robert Burns Hotel,Inner North,VIC
robinhoodbottleshop,Robin Hood Bottle Shop,NSW,NSW
robinhoodhotel,Robin Hood Hotel,NSW,NSW
roundaboutinn,Roundabout Inn,NSW,NSW
roxburyhotel,Roxbury Hotel,NSW,NSW
royalalberthotel,Royal Albert Hotel,NSW,NSW
royalhotel,Royal Hotel,North,VIC
saccharomycesbeercaf,Saccharomyces Beer Café,QLD,QLD
sailanchor,Sail & Anchor,WA,WA
saintjohncraftbeerbar,Saint John Craft Beer Bar,TAS,TAS
samuelsbar,Samuel's Bar,NSW,NSW
seacliffbeachhotel,Seacliff Beach Hotel,SA,SA
sede,Sede,NSW,NSW
silorestaurantlounge,Silo Restaurant & Lounge,NSW,NSW
smithward,smithward,Inner North,VIC
sohobareatsbeats,Soho, Bar Eats Beats,NSW,NSW
spooninggoats,Spooning Goats,NSW,NSW
spottedmallard,Spotted Mallard,North,VIC
spreadeaglehotel,Spread Eagle Hotel,East,VIC
stationbar,Station Bar,NSW,NSW
statlerwaldorf,Statler & Waldorf,QLD,QLD
stavesbrewery,Staves Brewery,NSW,NSW
stirlinghotel,Stirling Hotel,SA,SA
strangecompany,Strange Company,WA,WA
strayneighbour,Stray Neighbour,North,VIC
sunkissedbarandgrill,Sunkissed Bar and Grill,NSW,NSW
sunmothcanteenbar,Sun Moth Canteen & Bar,CBD,VIC
superwhatnot,Super Whatnot,QLD,QLD
surferssandbar,Surfers Sandbar,QLD,QLD
surlys,Surly's,NSW,NSW
sweeneysrooftopbar,Sweeney's Rooftop Bar,NSW,NSW
sweetamberbrewcaf,Sweet Amber Brew Café,SA,SA
sydneyflyingsquadron,Sydney Flying Squadron,NSW,NSW
sydneyrowingclub,Sydney Rowing Club,NSW,NSW
tamworthtennisclub,Tamworth Tennis Club,NSW,NSW
tapd,Tap'd,QLD,QLD
taphouse,Taphouse,QLD,QLD
tapsfortitudevalley,Taps Fortitude Valley,QLD,QLD
tapsmooloolaba,Taps Mooloolaba,QLD,QLD
tasmanquartermasters,Tasman Quartermasters,TAS,TAS
templebrewingcompany,Temple Brewing Company,VIC,VIC
temporada,Temporada,ACT,ACT
theagresticgrocer,The Agrestic Grocer,NSW,NSW
thealbionhotel,The Albion Hotel,NSW,NSW
thealehouseproject,The Alehouse Project,North,VIC
thearcherhotel,The Archer Hotel,SA,SA
theaustral,The Austral,SA,SA
theaustralianheritagehotel,The Australian Heritage Hotel,NSW,NSW
thebeachclubcollaroy,The Beach Club Collaroy,NSW,NSW
thebeerburgerbar,The Beer & Burger Bar,East,VIC
thebench,The Bench,QLD,QLD
thebentelbow,The Bent Elbow,QLD,QLD
theblindbear,The Blind Bear,NSW,NSW
theblindmonkcraftbeer,The Blind Monk (Craft Beer),NSW,NSW
theboulevardhotel,The Boulevard Hotel,WA,WA
thebrisbanehotel,The Brisbane Hotel,WA,WA
theburrow,The Burrow,QLD,QLD
theburwoodinn,The Burwood Inn,NSW,NSW
thecastlehotel,The Castle Hotel,Inner North,VIC
thecatfish,The Catfish,Inner North,VIC
thecellardoor,The Cellardoor,VIC,VIC
thecherrytreehotel,The Cherry Tree Hotel,East,VIC
thecommercialhotel,The Commercial Hotel,NSW,NSW
thecontinentalhotel,The Continental Hotel,VIC,VIC
thecookhouse,The Cookhouse,NSW,NSW
thecottonthief,The Cotton Thief,NSW,NSW
thecraftco,The Craft & Co,VIC,VIC
thedoghotel,The DOG Hotel,NSW,NSW
thedominionleague,The Dominion League,WA,WA
theduckinnpubkitchen,The Duck Inn Pub & Kitchen,NSW,NSW
theduke,The Duke,NSW,NSW
thedurham,The Durham,ACT,ACT
thedutchtradingcodtc,The Dutch Trading Co. (DTC),WA,WA
theearlofleicester,The Earl of Leicester,SA,SA
theelephantbritishpub,The Elephant - British Pub,SA,SA
theempresshotel,The Empress Hotel,North,VIC
thefifthprovince,The Fifth Province,South,VIC
thefirestationspecialtybeerandwinebar,The Firestation Specialty Beer and Wine Bar,WA,WA
thefitzroypinnacle,The Fitzroy Pinnacle,North,VIC
thefoxhotel,The Fox Hotel,Inner North,VIC
thegarden,The Garden,WA,WA
thegeneralassembly,The General Assembly,CBD,VIC
thegeorgeharcourtinn,The George Harcourt Inn,ACT,ACT
thegertrudehotel,The Gertrude Hotel,Inner North,VIC
thegoldenbarleyhotel,The Golden Barley Hotel,NSW,NSW
thegrainstore,The Grain Store,NSW,NSW
thegresham,The Gresham,QLD,QLD
thegrovetavern,The Grove Tavern,SA,SA
thehappywombat,The Happy Wombat,NSW,NSW
thehenson,The Henson,NSW,NSW
thehighway,The Highway,SA,SA
thehillsclub,The Hills Club,NSW,NSW
thehivebar,The Hive Bar,NSW,NSW
thehopfactory,The Hop Factory,NSW,NSW
thehorse,The Horse,NSW,NSW
thehouseofbrews,The House of Brews,QLD,QLD
theinstitutionalehousedining,The Institution Ale House & Dining,QLD,QLD
theirondukehotel,The Iron Duke Hotel,NSW,NSW
thekingsheadhotel,The Kings Head Hotel,SA,SA
theladydalyhotel,The Lady Daly Hotel,SA,SA
thelighthousewharfhotel,The Lighthouse Wharf Hotel,SA,SA
thelionhotel,The Lion Hotel,SA,SA
thelocaltaphousedl,The Local Taphouse Darlinghurst,NSW,NSW
thelocaltaphousestk,The Local Taphouse St Kilda,South,VIC
theluckyshag,The Lucky Shag,WA,WA
themallowhotel,The Mallow Hotel,Regional VIC,VIC
themaryellen,The Mary Ellen,NSW,NSW
themattarahotel,The Mattara Hotel,NSW,NSW
themeatingroom,The Meating Room,ACT,ACT
themetropolitanhotel,The Metropolitan Hotel,CBD,VIC
themill,The Mill,QLD,QLD
themillhouse,The Mill House,CBD,VIC
themontyhotel,The Monty Hotel,South,VIC
thenoblehops,The Noble Hops,NSW,NSW
theobserverhotel,The Observer Hotel,NSW,NSW
theoldbar,The Old Bar,Inner North,VIC
theoldfitzroyhotel,The Old Fitzroy Hotel,NSW,NSW
theoxfordhotel,The Oxford Hotel,SA,SA
theoxfordtaphouse,The Oxford Taphouse,QLD,QLD
thepalacehotel,The Palace Hotel,South,VIC
thepennyblack,The Penny Black,North,VIC
thepost,The Post,South,VIC
thepostoffice,The Post Office,QLD,QLD
thepotbellybar,The Pot Belly Bar,ACT,ACT
thepourhouse,The Pourhouse,NSW,NSW
thepourhousebarkitchen,The Pour House Bar + Kitchen,WA,WA
theprincealbert,The Prince Albert,SA,SA
thepublicbar,The Public Bar,CBD,VIC
thepublicbrewery,The Public Brewery,East,VIC
therecordcrate,The Record Crate,NSW,NSW
therosemounthotel,The Rosemount Hotel,WA,WA
theroyaloak,The Royal Oak,SA,SA
theroyalonthewaterfront,The Royal on The Waterfront,WA,WA
theroyston,The Royston,East,VIC
therugbyclub,The Rugby Club,NSW,NSW
thesawtellhotel,The Sawtell Hotel,NSW,NSW
thespottedcow,The Spotted Cow,QLD,QLD
thesquiresmaiden,The Squire's Maiden,NSW,NSW
thestonehotel,The Stone Hotel,Inner North,VIC
thestrandhotel,The Strand Hotel,QLD,QLD
thetemperancesociety,The Temperance Society,NSW,NSW
theterminushotel,The Terminus Hotel,East,VIC
theterracehotel,The Terrace Hotel,NSW,NSW
theterraceonkent,The Terrace on Kent,NSW,NSW
thetramwayhotel,The Tramway Hotel,North,VIC
thetudorhotel,The Tudor Hotel,NSW,NSW
thetwobadgers,The Two Badgers,South,VIC
theunionhotel,The Union Hotel,NSW,NSW
thevalleycellardoor,The Valley Cellardoor,North,VIC
thevalleycellardoorsunbury,The Valley Cellar Door Sunbury,Regional VIC,VIC
thevillagesocial,The Village Social,QLD,QLD
thewalkersarmshotel,The Walkers Arms Hotel,SA,SA
thewarradalehotel,The Warradale Hotel,SA,SA
theweldersdog,The Welder's Dog,NSW,NSW
thewembleyhotel,The Wembley Hotel,WA,WA
thewestvillage,The West Village,NSW,NSW
thewhaler,The Whaler,TAS,TAS
thewindsoralehouse,The Windsor Alehouse,VIC,VIC
thewindymile,The Windy Mile,North,VIC
thewoodlandshotel,The Woodlands Hotel,North,VIC
theworkersbarkitchen,The Workers Bar & Kitchen,NSW,NSW
theworkersclub,The Workers Club,Inner North,VIC
thirstycrowbrewery,Thirsty Crow Brewery,NSW,NSW
threelittlepigstavern,Three Little Pigs Tavern,QLD,QLD
tipplerstap,Tippler's Tap,QLD,QLD
titusjones,Titus Jones,NSW,NSW
tomahawkbar,Tomahawk Bar,QLD,QLD
transcontinentalhotel,Transcontinental Hotel,QLD,QLD
transitbar,Transit Bar,ACT,ACT
trinitybar,Trinity Bar,NSW,NSW
trubru,TRU BRU,South,VIC
trunkbarrestaurant,Trunk Bar & Restaurant,CBD,VIC
tsububar,Tsubu Bar,Inner North,VIC
twobirdsbrewing,Two Birds Brewing,West,VIC
twoheadsbrewing,Two Heads Brewing,NSW,NSW
tworow,Two Row,Inner North,VIC
tyrannyofdistancecafeandlubritorium,Tyranny Of Distance Cafe And Lubritorium,VIC,VIC
udaberripintxosyvino,Udaberri Pintxos Y Vino,SA,SA
unclehops,Uncle Hops,NSW,NSW
unionhotel,Union Hotel,SA,SA
unionlane,Union Lane,NSW,NSW
upinsmoke,Up In Smoke,West,VIC
varnishonking,Varnish on King,WA,WA
villagemelbourne,Village Melbourne,South,VIC
waltburley,Walt & Burley,ACT,ACT
warnersatthebay,Warners at the Bay,NSW,NSW
warnersatthebaybottleshop,Warners At The Bay Bottle Shop,NSW,NSW
watermansbeermarket,Waterman's Beer Market,TAS,TAS
waywardbrewingco,Wayward Brewing Co.,NSW,NSW
webstersbar,Webster's Bar,NSW,NSW
webstersbar,Websters Bar,NSW,NSW
welcomehotel,Welcome Hotel,NSW,NSW
wellingtonhotel,Wellington Hotel,SA,SA
wentynorthliquor,Wenty North Liquor,NSW,NSW
wesleyanne,Wesley Anne,North,VIC
whiteoakssaloonbardining,White Oaks Saloon Bar & Dining,South,VIC
wigpen,Wig & Pen,ACT,ACT
woodchoppersinn,Woodchoppers Inn,QLD,QLD
woolloomooloobayhotel,Woolloomooloo Bay Hotel,NSW,NSW
woollymammoth,Woolly Mammoth,QLD,QLD
woolpackhotel,Woolpack Hotel,NSW,NSW
wurstandstein,Wurst and Stein,SA,SA
youngbloodsdiner,Young Bloods Diner,Inner North,VIC
younghenrys,Young Henrys,NSW,NSW
youngjackson,Young & Jackson,CBD,VIC
yullis,Yulli's,NSW,NSW
zepickle,ZePickle,QLD,QLD
zepicklebrisbane,Ze Pickle Brisbane,QLD,QLD
zerofox,Zero Fox,QLD,QLD
zestyediblesgunabul,Zesty Edibles @ Gunabul,QLD,QLD
zierholzpremiumbrewery,Zierholz Premium Brewery,ACT,ACT
