54benjamin,54 Benjamin
bentspokebrewingco,Bentspoke Brewing Co.
greasemonkey,Grease Monkey
honkytonks,Honkytonks
oldcanberrainn,Old Canberra Inn
thedurham,The Durham
themeatingroom,The Meating Room
thepotbellybar,The Pot Belly Bar
transitbar,Transit Bar
wigpen,Wig & Pen
3weeds,3 Weeds
33degrees,33 Degrees
4pinesbrewingcompany,4 Pines Brewing Company
4pinesbrewinghq,4 Pines Brewing HQ
annandalehotel,Annandale Hotel
aperitivo,Aperitivo
atriumbarbankstownsports,Atrium Bar @ Bankstown Sports
australianhotelandbrewery,Australian Hotel And Brewery
barluca,Bar Luca
beercartelbottleshop,Beer Cartel Bottleshop
beerdeluxealbury,Beer Deluxe Albury
beerdeluxesydney,Beer Deluxe Sydney
belvederehotel,Belvedere Hotel
bitterphew,Bitter Phew
bluegumhotel,Blue Gum Hotel
boatshedbarandgalley,Boat Shed Bar and Galley
bondibeachcellars,Bondi Beach Cellars
botanyviewhotel,Botany View Hotel
buckleys,Buckley's
cammeraycraft,Cammeray Craft
carlislecastlehotel,Carlisle Castle Hotel
carringtonbowlingclub,Carrington Bowling Club
charingcrosshotel,Charing Cross Hotel
clarendonhotel,Clarendon Hotel
commonwealthhotel,Commonwealth Hotel
coopershotel,Cooper's Hotel
diceyrileyshotel,Dicey Riley's Hotel
dorisandberylsbridgeclubteahouse,Doris and Beryl's Bridge Club & Tea House
doveolivehotel,Dove & Olive Hotel
elementbar,Element Bar
eltonseatingdrinking,Eltons Eating + Drinking
empirehotel,Empire Hotel
erskinevillehotel,Erskineville Hotel
firestationhotel,Fire Station Hotel
flatrockbrewcafe,Flat Rock Brew Cafe
foghornbrewhouse,FogHorn Brewhouse
foghornbrewhousecentralcoast,FogHorn Brewhouse Central Coast
forestlodgehotel,Forest Lodge Hotel
gilroyshotel,Gilroy's Hotel
harlequininn,Harlequin Inn
haroldparkhotel,Harold Park Hotel
hartspub,Harts Pub
honeyrider,Honey Rider
hopdogbeerworks,HopDog BeerWorks
hopeestate,Hope Estate
hopsfire,Hops & Fire
hoteljesmond,Hotel Jesmond
hotelsteyne,Hotel Steyne
hunterbarrel,Hunter & Barrel
hunterbeerco,Hunter Beer Co.
illawarrabrewingcompany,Illawarra Brewing Company
imperialhotel,Imperial Hotel
jewellstavern,Jewells Tavern
kegandbrew,Keg & Brew
kincumberhotel,Kincumber Hotel
kingstreetbrewhouse,King Street Brewhouse
kingscrosshotel,Kings Cross Hotel
kingstonpublicbarandkitchen,Kingston Public Bar and Kitchen
kirribillihotel,Kirribilli Hotel
leuracellars,Leura Cellars
lordnelsonbreweryhotel,Lord Nelson Brewery Hotel
lordraglanhotel,Lord Raglan Hotel
misspeaches,Miss Peaches
nelsonhotel,Nelson Hotel
newtowngrowlerdepot,Newtown Growler Depot
northsydneyleaguesclub,North Sydney Leagues Club
northumberlandhotel,Northumberland Hotel
ocrabsydney,O Crab Sydney
oldbankrestaurantbar,Old Bank Restaurant & Bar
petershambowlingclub,Petersham Bowling Club
pontoonbar,Pontoon Bar
porkd,Pork'd
portersliquorbalgowlah,Porters Liquor Balgowlah
princeofwaleshotel,Prince of Wales Hotel
princeofwaleshotelbottleshop,Prince of Wales Hotel Bottle Shop
pumphousesydney,Pumphouse Sydney
pyrmontbridgehotel,Pyrmont Bridge Hotel
pyrmontpointhotel,Pyrmont Point Hotel
quarrymanshotel,Quarrymans Hotel
ragandfamishhotel,Rag and Famish Hotel
riversidebrewingcompany,Riverside Brewing Company
robinhoodhotel,Robin Hood Hotel
roundaboutinn,Roundabout Inn
roxburyhotel,Roxbury Hotel
royalalberthotel,Royal Albert Hotel
samuelsbar,Samuel's Bar
sede,Sede
sohobareatsbeats,Soho
spooninggoats,Spooning Goats
stationbar,Station Bar
stavesbrewery,Staves Brewery
sunkissedbarandgrill,Sunkissed Bar and Grill
surlys,Surly's
sweeneysrooftopbar,Sweeney's Rooftop Bar
sydneyrowingclub,Sydney Rowing Club
tamworthtennisclub,Tamworth Tennis Club
theagresticgrocer,The Agrestic Grocer
thealbionhotel,The Albion Hotel
theaustralianheritagehotel,The Australian Heritage Hotel
thebeachclubcollaroy,The Beach Club Collaroy
theblindbear,The Blind Bear
theblindmonkcraftbeer,The Blind Monk (Craft Beer)
theburwoodinn,The Burwood Inn
thecommercialhotel,The Commercial Hotel
thecookhouse,The Cookhouse
thecottonthief,The Cotton Thief
thedoghotel,The DOG Hotel
theduckinnpubkitchen,The Duck Inn Pub & Kitchen
theduke,The Duke
thegoldenbarleyhotel,The Golden Barley Hotel
thegrainstore,The Grain Store
thehappywombat,The Happy Wombat
thehenson,The Henson
thehillsclub,The Hills Club
thehivebar,The Hive Bar
thehopfactory,The Hop Factory
theirondukehotel,The Iron Duke Hotel
thelocaltaphousedl,The Local Taphouse Darlinghurst
themaryellen,The Mary Ellen
themattarahotel,The Mattara Hotel
thenoblehops,The Noble Hops
theoldfitzroyhotel,The Old Fitzroy Hotel
thepourhouse,The Pourhouse
therecordcrate,The Record Crate
therugbyclub,The Rugby Club
thesquiresmaiden,The Squire's Maiden
thetemperancesociety,The Temperance Society
theterracehotel,The Terrace Hotel
theterraceonkent,The Terrace on Kent
thetudorhotel,The Tudor Hotel
theunionhotel,The Union Hotel
theweldersdog,The Welder's Dog
thewhitehorsehotel,The White Horse Hotel
theworkersbarkitchen,The Workers Bar & Kitchen
thirstycrowbrewery,Thirsty Crow Brewery
trinitybar,Trinity Bar
unclehops,Uncle Hops
unionlane,Union Lane
warnersatthebaybottleshop,Warners At The Bay Bottle Shop
warnersatthebay,Warners at the Bay
waywardbrewingco,Wayward Brewing Co.
welcomehotel,Welcome Hotel
wentynorthliquor,Wenty North Liquor
woolloomooloobayhotel,Woolloomooloo Bay Hotel
woolpackhotel,Woolpack Hotel
younghenrys,Young Henrys
yullis,Yulli's
allinnbrewingco,All Inn Brewing Co.
bacchusbrewingco,Bacchus Brewing Co.
barcadiakitchenbar,Barcadia Kitchen & Bar
bargarabrewingcompanysbrewhouse,Bargara Brewing Company's Brewhouse
binebardining,Bine Bar & Dining
bittersuite,Bitter Suite
blackbunnykitchen,Black Bunny Kitchen
blackwatertradingco,Blackwater Trading Co
bloodhoundcornerbar,Bloodhound Corner Bar
brew,Brew
brewhousebrisbane,Brewhouse Brisbane
brewski,Brewski
brisbanebrewingco,Brisbane Brewing Co
chard,Char'd
deathvalley,Death Valley
dutchcourageofficersmess,Dutch Courage Officers' Mess
elixiba,Elixiba
embassyhotel,Embassy Hotel
farrier,Farrier
fitzpotts,Fitz + Potts
fluxrestaurantlounge,Flux Restaurant Lounge
gaslightbistro,Gaslight Bistro
greenslopescellars,Greenslopes Cellars
hawthornesupercellarsbottleshop,Hawthorne Super Cellars Bottle Shop
hoohabar,Hoo Ha Bar
hopsscotchandbeans,Hops Scotch and Beans
hopster,Hopster
humpybongespresso,Humpybong Espresso
kajokukoreanjapanesecuisine,Kajoku - Korean & Japanese Cuisine
lesterearl,Lester & Earl
locoskitchenbar,Loco's Kitchen & Bar
maltdining,Malt Dining
malttraderscity,Malt Traders City
malttradersemporium,Malt Traders Emporium
mortestatehotel,Mort Estate Hotel
nottonight,Not Tonight
obsessions,Obsessions on Chevron
pahotel,PA Hotel
ploughman,Ploughman
pumpyardbarbrewery,Pumpyard Bar & Brewery
reefseafoodsushi,Reef Seafood + Sushi
reverendsfinecoffee,Reverends Fine Coffee
riverfeast,Riverfeast
saccharomycesbeercaf,Saccharomyces Beer Café
statlerwaldorf,Statler & Waldorf
superwhatnot,Super Whatnot
surferssandbar,Surfers Sandbar
tapd,Tap'd
taphouse,Taphouse
tapsfortitudevalley,Taps Fortitude Valley
tapsmooloolaba,Taps Mooloolaba
thebench,The Bench
thebentelbow,The Bent Elbow
theburrow,The Burrow
thegresham,The Gresham
thehouseofbrews,The House of Brews
theinstitutionalehousedining,The Institution Ale House & Dining
themill,The Mill
theoxfordtaphouse,The Oxford Taphouse
thepostoffice,The Post Office
thespottedcow,The Spotted Cow
thestrandhotel,The Strand Hotel
thevillagesocial,The Village Social
tipplerstap,Tippler's Tap
tomahawkbar,Tomahawk Bar
transcontinentalhotel,Transcontinental Hotel
woodchoppersinn,Woodchoppers Inn
woollymammoth,Woolly Mammoth
zepicklebrisbane,Ze Pickle Brisbane
zepickle,ZePickle
zerofox,Zero Fox
zestyediblesgunabul,Zesty Edibles @ Gunabul
benjaminonfranklin,Benjamin on Franklin
bigshedbrewinghq,Big Shed Brewing HQ
colonisttavern,Colonist Tavern
crafersinnhotel,Crafers Inn Hotel
duckinn,Duck Inn
electrahouse,Electra House
franklinhotel,Franklin Hotel
generalhavelockhotel,General Havelock Hotel
gilbertstreethotel,Gilbert Street Hotel
goodwoodcellars,Goodwood Cellars
hainsco,Hains & Co
hotelwrightst,Hotel Wright St.
jackruby,Jack Ruby
joinersarms,Joiners Arms
littlebangbrewing,Little Bang Brewing
mickosheas,Mick O'Shea's
mileendhotel,Mile End Hotel
nolaadelaide,NOLA Adelaide
oostendebelgianbeercafe,Oostende Belgian Beer Cafe
republic,Republic
stirlinghotel,Stirling Hotel
sweetamberbrewcaf,Sweet Amber Brew Café
thearcherhotel,The Archer Hotel
theaustral,The Austral
theearlofleicester,The Earl of Leicester
theelephantbritishpub,The Elephant - British Pub
thehighway,The Highway
thekingsheadhotel,The Kings Head Hotel
theladydalyhotel,The Lady Daly Hotel
thelighthousewharfhotel,The Lighthouse Wharf Hotel
thelionhotel,The Lion Hotel
theprincealbert,The Prince Albert
theroyaloak,The Royal Oak
thewarradalehotel,The Warradale Hotel
udaberripintxosyvino,Udaberri Pintxos Y Vino
unionhotel,Union Hotel
wellingtonhotel,Wellington Hotel
jackgreene,Jack Greene
saintjohncraftbeerbar,Saint John Craft Beer Bar
tasmanquartermasters,Tasman Quartermasters
thewhaler,The Whaler
watermansbeermarket,Waterman's Beer Market
weldboroughhotel,Weldborough Hotel
2brothersbrewery,2 Brothers Brewery
albertparkhotel,Albert Park Hotel
antiquebar,Antique Bar
ascotvalecellars,Ascot Vale Cellars
atticusfinch,Atticus Finch
avocahotel,Avoca Hotel
badshepherdbrewingco,Bad Shepherd Brewing Co.
beerdeluxe,Beer DeLuxe
beerdeluxehawthorn,Beer Deluxe Hawthorn
beermash,Beermash
belgianbeercafemelbourne,Belgian Beer Cafe Melbourne
bimbodeluxe,Bimbo Deluxe
boatrockerbarrelroom,Boatrocker Barrel Room
bobbiepeels,Bobbie Peels
boilermakerhouse,Boilermaker House
brandonhotel,Brandon Hotel
brotherburgerandthemarvellousbrew,Brother Burger and The Marvellous Brew
brotherburgerandthemarvellousbrewsouthyarra,Brother Burger and the Marvellous Brew South Yarra
cambrianhotel,Cambrian Hotel
cargo,Cargo
carterspublichouse,Carters Public House
carwyncellars,Carwyn Cellars
charleswestonhotel,Charles Weston Hotel
cheekypeakbrewery,Cheeky Peak Brewery
cliftonhillbrewpub,Clifton Hill Brewpub
cookie,Cookie
cornisharms,Cornish Arms
danoconnellhotel,Dan O'Connell Hotel
drmorse,Dr. Morse
eastofeverything,East of Everything
eatinghouse,Eating House
edinburghcastlehotel,Edinburgh Castle Hotel
efiftyfive,Efiftyfive
eydies,Eydie's
fancyhanksbbqjoint,Fancy Hank's BBQ Joint
forestershall,Foresters Hall
foxinthecorn,Fox in the Corn
freddiewimpoles,Freddie Wimpoles
goldenvinehotel,Golden Vine Hotel
goldmineshotel,Goldmines Hotel
grandridgebrewery,Grand Ridge Brewery
grapeandgrain,Grape And Grain
greatnorthernhotel,Great Northern Hotel
grosvenorhotel,Grosvenor Hotel
hargreaveshillbrewingcompany,Hargreaves Hill Brewing Company
hatstatts,Hats & Tatts
holgatebrewhouseatkeatingshotel,Holgate Brewhouse at Keatings Hotel
hoptemple,Hop Temple
hopheads,Hopheads
hopstohome,Hops to Home
hotellincoln,Hotel Lincoln
hotelmetropolitan,Hotel Metropolitan
hotelspencer,Hotel Spencer
hydestreethotel,Hyde Street Hotel
joetaylor,Joe Taylor
junctionbeerhallwinebar,Junction Beer Hall & Wine Bar
kellysmotorclubhotel,Kelly's Motor Club Hotel
ladro,Ladro
lamaros,Lamaro's
littlehop,Little Hop
lot347,Lot 347
markov,Markov
meatmaiden,Meatmaiden
mitchellharriswines,Mitchell Harris Wines
moondogbrewery,Moon Dog Brewery
mrpaulsbeerwine,Mr Paul's Beer & Wine
mrbeebes,Mr. Beebe's
mrsparmas,Mrs Parma's
mrsparmasprahran,Mrs Parma's - Prahran
mtmacedonhotel,Mt Macedon Hotel
nieuwamsterdam,Nieuw Amsterdam
northcotesocialclub,Northcote Social Club
northerngit,Northern Git
odysseytavern,Odyssey Tavern
oscarsalehouse,Oscar's Alehouse
parkhotel,Park Hotel
pelicanslanding,Pelicans Landing
popejoan,Pope Joan
prosciuttobroscraftbar,Prosciutto Bros Craft Bar
railwayhotelbrunswick,Railway Hotel Brunswick
rainbowhotel,Rainbow Hotel
redhillbrewery,Red Hill Brewery
robertburnshotel,Robert Burns Hotel
royalhotel,Royal Hotel
spottedmallard,Spotted Mallard
spreadeaglehotel,Spread Eagle Hotel
strayneighbour,Stray Neighbour
sunmothcanteenbar,Sun Moth Canteen & Bar
trubru,TRU BRU
thealehouseproject,The Alehouse Project
thebeerburgerbar,The Beer & Burger Bar
thecastlehotel,The Castle Hotel
thecatfish,The Catfish
thecherrytreehotel,The Cherry Tree Hotel
theempresshotel,The Empress Hotel
thefifthprovince,The Fifth Province
thefitzroypinnacle,The Fitzroy Pinnacle
thefoxhotel,The Fox Hotel
thegeneralassembly,The General Assembly
thegertrudehotel,The Gertrude Hotel
thelocaltaphousestk,The Local Taphouse St Kilda
themallowhotel,The Mallow Hotel
themetropolitanhotel,The Metropolitan Hotel
themillhouse,The Mill House
themontyhotel,The Monty Hotel
theoldbar,The Old Bar
thepalacehotel,The Palace Hotel
thepennyblack,The Penny Black
thepost,The Post
thepublicbar,The Public Bar
thepublicbrewery,The Public Brewery
theroyston,The Royston
thestonehotel,The Stone Hotel
theterminushotel,The Terminus Hotel
thetramwayhotel,The Tramway Hotel
thetwobadgers,The Two Badgers
thevalleycellardoorsunbury,The Valley Cellar Door Sunbury
thevalleycellardoor,The Valley Cellardoor
thewindsoralehouse,The Windsor Alehouse
thewindymile,The Windy Mile
thewoodlandshotel,The Woodlands Hotel
theworkersclub,The Workers Club
trunkbarrestaurant,Trunk Bar & Restaurant
tsububar,Tsubu Bar
twobirdsbrewing,Two Birds Brewing
tworow,Two Row
tyrannyofdistancecafeandlubritorium,Tyranny Of Distance Cafe And Lubritorium
upinsmoke,Up In Smoke
villagemelbourne,Village Melbourne
wesleyanne,Wesley Anne
whiteoakssaloonbardining,White Oaks Saloon Bar & Dining
youngjackson,Young & Jackson
youngbloodsdiner,Young Bloods Diner
smithward,smithward
babymammoth,Baby Mammoth
belgianbeercafe,Belgian Beer Cafe
billsbarandbites,Bill's Bar and Bites
bobsbar,Bob's Bar
budburstsmallbar,Budburst Small Bar
cellarbrations,Cellarbrations
cellarbrationssuperstorehamiltonhill,Cellarbrations Superstore Hamilton Hill
clancysfishpubcanningbridge,Clancy's Fish Pub Canning Bridge
clancysfishpub,Clancy's Fish Pub Dunsborough
clancysfishpubfremantle,Clancy's Fish Pub Fremantle
colonialbrewery,Colonial Brewery
colonialbrewingco,Colonial Brewing Co
corkbottle,Cork & Bottle
eaglebaybrewingco,Eagle Bay Brewing Co.
internationalbeershop,International Beer Shop
maneliquor,Mane Liquor
murraystreetlodgehotelperth,Murray Street Lodge Hotel Perth
petitionbeercorner,Petition Beer Corner
piratebar,Pirate Bar
raffleshotel,Raffles Hotel
theboulevardhotel,The Boulevard Hotel
thebrisbanehotel,The Brisbane Hotel
thedominionleague,The Dominion League
thedutchtradingcodtc,The Dutch Trading Co. (DTC)
thefirestationspecialtybeerandwinebar,The Firestation Specialty Beer and Wine Bar
thegarden,The Garden
theluckyshag,The Lucky Shag
thepourhousebarkitchen,The Pour House Bar + Kitchen
therosemounthotel,The Rosemount Hotel
theroyalonthewaterfront,The Royal on The Waterfront
thewembleyhotel,The Wembley Hotel
varnishonking,Varnish on King
