2brothersbrewery,2 Brothers Brewery
albertparkhotel,Albert Park Hotel
antiquebar,Antique Bar
ascotvalecellars,Ascot Vale Cellars
atticusfinch,Atticus Finch
avocahotel,Avoca Hotel
badshepherdbrewingco,Bad Shepherd Brewing Co.
beerdeluxe,Beer DeLuxe
beerdeluxehawthorn,Beer Deluxe Hawthorn
beermash,Beermash
belgianbeercafemelbourne,Belgian Beer Cafe Melbourne
bimbodeluxe,Bimbo Deluxe
boatrockerbarrelroom,Boatrocker Barrel Room
bobbiepeels,Bobbie Peels
boilermakerhouse,Boilermaker House
brandonhotel,Brandon Hotel
brotherburgerandthemarvellousbrew,Brother Burger and The Marvellous Brew
brotherburgerandthemarvellousbrewsouthyarra,Brother Burger and the Marvellous Brew South Yarra
cambrianhotel,Cambrian Hotel
cargo,Cargo
carwyncellars,Carwyn Cellars
charleswestonhotel,Charles Weston Hotel
cheekypeakbrewery,Cheeky Peak Brewery
cliftonhillbrewpub,Clifton Hill Brewpub
cookie,Cookie
cornisharms,Cornish Arms
danoconnellhotel,Dan O'Connell Hotel
drmorse,Dr. Morse
eastofeverything,East of Everything
eatinghouse,Eating House
edinburghcastlehotel,Edinburgh Castle Hotel
efiftyfive,Efiftyfive
eydies,Eydie's
fancyhanksbbqjoint,Fancy Hank's BBQ Joint
forestershall,Foresters Hall
foxinthecorn,Fox in the Corn
freddiewimpoles,Freddie Wimpoles
goldmineshotel,Goldmines Hotel
grandridgebrewery,Grand Ridge Brewery
grapeandgrain,Grape And Grain
greatnorthernhotel,Great Northern Hotel
grosvenorhotel,Grosvenor Hotel
hargreaveshillbrewingcompany,Hargreaves Hill Brewing Company
hatstatts,Hats & Tatts
holgatebrewhouseatkeatingshotel,Holgate Brewhouse at Keatings Hotel
hopheads,Hopheads
hopstohome,Hops to Home
hoptemple,Hop Temple
hotellincoln,Hotel Lincoln
hotelmetropolitan,Hotel Metropolitan
hotelspencer,Hotel Spencer
hydestreethotel,Hyde Street Hotel
joetaylor,Joe Taylor
junctionbeerhallwinebar,Junction Beer Hall & Wine Bar
kellysmotorclubhotel,Kelly's Motor Club Hotel
ladro,Ladro
lamaros,Lamaro's
littlehop,Little Hop
lot347,Lot 347
markov,Markov
meatmaiden,Meatmaiden
mitchellharriswines,Mitchell Harris Wines
moondogbrewery,Moon Dog Brewery
mrbeebes,Mr. Beebe's
mrpaulsbeerwine,Mr Paul's Beer & Wine
mrsparmas,Mrs Parma's
mrsparmasprahran,Mrs Parma's - Prahran
mtmacedonhotel,Mt Macedon Hotel
nieuwamsterdam,Nieuw Amsterdam
northcotesocialclub,Northcote Social Club
northerngit,Northern Git
odysseytavern,Odyssey Tavern
parkhotel,Park Hotel
pelicanslanding,Pelicans Landing
popejoan,Pope Joan
prosciuttobroscraftbar,Prosciutto Bros Craft Bar
railwayhotelbrunswick,Railway Hotel Brunswick
rainbowhotel,Rainbow Hotel
robertburnshotel,Robert Burns Hotel
royalhotel,Royal Hotel
smithward,smithward
spottedmallard,Spotted Mallard
spreadeaglehotel,Spread Eagle Hotel
strayneighbour,Stray Neighbour
sunmothcanteenbar,Sun Moth Canteen & Bar
thealehouseproject,The Alehouse Project
thebeerburgerbar,The Beer & Burger Bar
thecastlehotel,The Castle Hotel
thecatfish,The Catfish
thecherrytreehotel,The Cherry Tree Hotel
theempresshotel,The Empress Hotel
thefifthprovince,The Fifth Province
thefitzroypinnacle,The Fitzroy Pinnacle
thefoxhotel,The Fox Hotel
thegeneralassembly,The General Assembly
thegertrudehotel,The Gertrude Hotel
thelocaltaphousestk,The Local Taphouse St Kilda
themallowhotel,The Mallow Hotel
themetropolitanhotel,The Metropolitan Hotel
themillhouse,The Mill House
themontyhotel,The Monty Hotel
theoldbar,The Old Bar
thepalacehotel,The Palace Hotel
thepennyblack,The Penny Black
thepost,The Post
thepublicbar,The Public Bar
thepublicbrewery,The Public Brewery
theroyston,The Royston
thestonehotel,The Stone Hotel
theterminushotel,The Terminus Hotel
thetramwayhotel,The Tramway Hotel
thetwobadgers,The Two Badgers
thevalleycellardoor,The Valley Cellardoor
thevalleycellardoorsunbury,The Valley Cellar Door Sunbury
thewindymile,The Windy Mile
thewoodlandshotel,The Woodlands Hotel
theworkersclub,The Workers Club
trubru,TRU BRU
trunkbarrestaurant,Trunk Bar & Restaurant
tsububar,Tsubu Bar
twobirdsbrewing,Two Birds Brewing
tworow,Two Row
upinsmoke,Up In Smoke
villagemelbourne,Village Melbourne
wesleyanne,Wesley Anne
whiteoakssaloonbardining,White Oaks Saloon Bar & Dining
youngbloodsdiner,Young Bloods Diner
youngjackson,Young & Jackson
